ID,Name,Price,Category,,,,
pNdFo0jzUh1upuRBLYplw9,Rose Luxe Armchair,20,Lorem ipsum dolor sit amet, consectetur adipiscing elit. Nullam tincidunt erat enim. Lorem ipsum dolor sit amet, consectetur adipiscing,https://cdn.sanity.io/images/yeh86jag/production/af6865cccbcd12d2183f8090324d0e5c5732e57f-312x312.png,40
pNdFo0jzUh1upuRBLYpmBy,Library Stool Chair,20,Lorem ipsum dolor sit amet, consectetur adipiscing elit. Nullam tincidunt erat enim. Lorem ipsum dolor sit amet, consectetur adipiscing,https://cdn.sanity.io/images/yeh86jag/production/da30e4081507761b5b7558807735f8f17756c9c3-624x624.png,20
pNdFo0jzUh1upuRBLYqsvW,Rose Luxe Armchair,20,Lorem ipsum dolor sit amet, consectetur adipiscing elit. Nullam tincidunt erat enim. Lorem ipsum dolor sit amet, consectetur adipiscing,https://cdn.sanity.io/images/yeh86jag/production/af6865cccbcd12d2183f8090324d0e5c5732e57f-312x312.png,40
pNdFo0jzUh1upuRBLYquiH,Library Stool Chair,20,Lorem ipsum dolor sit amet, consectetur adipiscing elit. Nullam tincidunt erat enim. Lorem ipsum dolor sit amet, consectetur adipiscing,https://cdn.sanity.io/images/yeh86jag/production/da30e4081507761b5b7558807735f8f17756c9c3-624x624.png,20
qQpkQmFIZ2DSQkhvXLd13w,SleekSpin,20,Lorem ipsum dolor sit amet, consectetur adipiscing elit. Nullam tincidunt erat enim. Lorem ipsum dolor sit amet, consectetur adipiscing,https://cdn.sanity.io/images/yeh86jag/production/81a5b7de166f930870a82f8f3e661b38a70de9f4-312x312.png,10
qQpkQmFIZ2DSQkhvXLd1Uh,Citrus Edge,20,Lorem ipsum dolor sit amet, consectetur adipiscing elit. Nullam tincidunt erat enim. Lorem ipsum dolor sit amet, consectetur adipiscing,https://cdn.sanity.io/images/yeh86jag/production/4cd62915914fb385550532c3d1f0c4d64c1f8cca-312x312.png,20
qQpkQmFIZ2DSQkhvXLeEHU,Citrus Edge,20,Lorem ipsum dolor sit amet, consectetur adipiscing elit. Nullam tincidunt erat enim. Lorem ipsum dolor sit amet, consectetur adipiscing,https://cdn.sanity.io/images/yeh86jag/production/4cd62915914fb385550532c3d1f0c4d64c1f8cca-312x312.png,20
qQpkQmFIZ2DSQkhvXLeF5B,Library Stool Chair,20,Lorem ipsum dolor sit amet, consectetur adipiscing elit. Nullam tincidunt erat enim. Lorem ipsum dolor sit amet, consectetur adipiscing,https://cdn.sanity.io/images/yeh86jag/production/da30e4081507761b5b7558807735f8f17756c9c3-624x624.png,20
qQpkQmFIZ2DSQkhvXLeFOI,Scandi Dip Set,40,Lorem ipsum dolor sit amet, consectetur adipiscing elit. Nullam tincidunt erat enim. Lorem ipsum dolor sit amet, consectetur adipiscing,https://cdn.sanity.io/images/yeh86jag/production/f49ec164e3b62fbf8ad5d3b7cf0e5622478ee0ba-312x312.png,10
qQpkQmFIZ2DSQkhvXLeFp3,Rose Luxe Armchair,20,Lorem ipsum dolor sit amet, consectetur adipiscing elit. Nullam tincidunt erat enim. Lorem ipsum dolor sit amet, consectetur adipiscing,https://cdn.sanity.io/images/yeh86jag/production/af6865cccbcd12d2183f8090324d0e5c5732e57f-312x312.png,40
qQpkQmFIZ2DSQkhvXLeGkO,Modern Cozy,20,Lorem ipsum dolor sit amet, consectetur adipiscing elit. Nullam tincidunt erat enim. Lorem ipsum dolor sit amet, consectetur adipiscing,https://cdn.sanity.io/images/yeh86jag/production/384113dbb404b90828b52ffca9c3ccca7a4f626b-312x312.png,10
qQpkQmFIZ2DSQkhvXLeHfj,Gray Elegance,8,Lorem ipsum dolor sit amet, consectetur adipiscing elit. Nullam tincidunt erat enim. Lorem ipsum dolor sit amet, consectetur adipiscing,https://cdn.sanity.io/images/yeh86jag/production/e284d160de43302fabbd063072c1fd021396094b-312x312.png,20
qQpkQmFIZ2DSQkhvXLeI6U,Ivory Charm,20,Lorem ipsum dolor sit amet, consectetur adipiscing elit. Nullam tincidunt erat enim. Lorem ipsum dolor sit amet, consectetur adipiscing,https://cdn.sanity.io/images/yeh86jag/production/7e3a3a9ca8b3003aa2733bdf94db7ea4345f5bf4-312x312.png,20
rnb16y4e0BKBgYGF3K4HYH,SleekSpin,20,Lorem ipsum dolor sit amet, consectetur adipiscing elit. Nullam tincidunt erat enim. Lorem ipsum dolor sit amet, consectetur adipiscing,https://cdn.sanity.io/images/yeh86jag/production/81a5b7de166f930870a82f8f3e661b38a70de9f4-312x312.png,10
rnb16y4e0BKBgYGF3K4J7X,Modern Cozy,20,Lorem ipsum dolor sit amet, consectetur adipiscing elit. Nullam tincidunt erat enim. Lorem ipsum dolor sit amet, consectetur adipiscing,https://cdn.sanity.io/images/yeh86jag/production/384113dbb404b90828b52ffca9c3ccca7a4f626b-312x312.png,10
rnb16y4e0BKBgYGF3K4JIL,Citrus Edge,20,Lorem ipsum dolor sit amet, consectetur adipiscing elit. Nullam tincidunt erat enim. Lorem ipsum dolor sit amet, consectetur adipiscing,https://cdn.sanity.io/images/yeh86jag/production/4cd62915914fb385550532c3d1f0c4d64c1f8cca-312x312.png,20
rnb16y4e0BKBgYGF3K4JT9,SleekSpin,20,Lorem ipsum dolor sit amet, consectetur adipiscing elit. Nullam tincidunt erat enim. Lorem ipsum dolor sit amet, consectetur adipiscing,https://cdn.sanity.io/images/yeh86jag/production/81a5b7de166f930870a82f8f3e661b38a70de9f4-312x312.png,10
rnb16y4e0BKBgYGF3K4JiH,Scandi Dip Set,40,Lorem ipsum dolor sit amet, consectetur adipiscing elit. Nullam tincidunt erat enim. Lorem ipsum dolor sit amet, consectetur adipiscing,https://cdn.sanity.io/images/yeh86jag/production/f49ec164e3b62fbf8ad5d3b7cf0e5622478ee0ba-312x312.png,10
rnb16y4e0BKBgYGF3K4JvF,Nordic Spin,30,Lorem ipsum dolor sit amet, consectetur adipiscing elit. Nullam tincidunt erat enim. Lorem ipsum dolor sit amet, consectetur adipiscing,https://cdn.sanity.io/images/yeh86jag/production/0625575b88f2a2479f9d194dca7322fa5b3fb29d-312x312.png,20
